specimen_id,taxon_id,repository_id,catalogue_number,element,locality_id,geological_unit_id,collection_event_id,collector,collection_date,type_status,figured_status,identification_confidence,provenance_confidence,disposition_status,photograph_available,3d_available,primary_publication_id,source_url,notes
WPR-SP-0001,WPR-TAX-0001,WPR-REP-0001,NMW 00.628.1,,WPR-LOC-0001,,,,,Holotype,Yes,A,B,Museum accessioned,Unknown,Unknown,,https://museum.wales/database/geology/palaeontology/,Museum Wales holotype database; Triassic Dolomitic Conglomerate; Newton Nottage/Porthcawl context is in cited literature but catalogue result exposes Glamorgan.
WPR-SP-0002,WPR-TAX-0002,WPR-REP-0001,NMW 77.11G.46,,WPR-LOC-0002,WPR-GEO-0001,,,,Holotype,Yes,A,B,Museum accessioned,Unknown,Unknown,,https://museum.wales/database/geology/palaeontology/?specimen=10236,Direct Museum Wales holotype record.
WPR-SP-0003,WPR-TAX-0003,WPR-REP-0001,NMW 27.177.G1,,WPR-LOC-0040,WPR-GEO-0002,,D. Davies,,Holotype,Yes,A,B,Museum accessioned,Yes,Unknown,,https://museum.wales/database/geology/palaeontology/?specimen=13,"Museum Wales holotype record; GB3D refines provenance to Clydach Vale, Tonypandy, Rhondda Fawr and lists collector D. Davies."
WPR-SP-0004,WPR-TAX-0004,WPR-REP-0001,NMW 27.177.G14,,WPR-LOC-0001,WPR-GEO-0003,,,,Holotype,Yes,A,B,Museum accessioned,Unknown,Unknown,,https://museum.wales/database/geology/palaeontology/?specimen=15,Direct Museum Wales holotype record.
WPR-SP-0005,WPR-TAX-0005,WPR-REP-0001,NMW 62.24.G107,,WPR-LOC-0003,,,,,Holotype,Yes,A,B,Museum accessioned,Unknown,Unknown,,https://museum.wales/database/geology/palaeontology/?specimen=29,"Silurian Llandovery; cited work discusses Aberystwyth Grits Formation, but no lithostratigraphy is asserted here from the catalogue page."
WPR-SP-0006,WPR-TAX-0006,WPR-REP-0001,NMW 96.8G.181,,WPR-LOC-0004,WPR-GEO-0004,,,,Holotype,Yes,A,B,Museum accessioned,Unknown,Unknown,,https://museum.wales/database/geology/palaeontology/?specimen=142,Direct Museum Wales holotype record.
WPR-SP-0007,WPR-TAX-0007,WPR-REP-0001,NMW 32.518.G1,,WPR-LOC-0041,WPR-GEO-0005,,W. O'Connor,,Holotype,Yes,A,B,Museum accessioned,Yes,Unknown,,https://museum.wales/database/geology/palaeontology/?specimen=26,"Museum Wales holotype record; GB3D refines provenance to Ty'n-y-bedw Colliery, Pentre, Rhondda and lists collector W. O'Connor."
WPR-SP-0008,WPR-TAX-0008,WPR-REP-0001,NMW 84.11G.6.a&b,,WPR-LOC-0004,WPR-GEO-0006,,,,Holotype,Yes,A,B,Museum accessioned,Unknown,Unknown,,https://museum.wales/database/geology/palaeontology/?specimen=84,Direct Museum Wales holotype record.
WPR-SP-0009,WPR-TAX-0009,WPR-REP-0001,NMW 87.44G.1 c,,WPR-LOC-0005,WPR-GEO-0007,,,,Holotype,Yes,A,B,Museum accessioned,Unknown,Unknown,,https://museum.wales/database/geology/palaeontology/?specimen=112,Direct Museum Wales holotype record.
WPR-SP-0010,WPR-TAX-0010,WPR-REP-0001,NMW 27.110.G34,,WPR-LOC-0006,,,,,Holotype,Yes,A,B,Museum accessioned,Unknown,Unknown,,https://museum.wales/database/geology/palaeontology/?specimen=12,Ordovician Caradoc; precise locality should be recovered from type reference.
WPR-SP-0011,WPR-TAX-0011,WPR-REP-0001,NMW 87.77G.778,,WPR-LOC-0007,WPR-GEO-0008,,,,Holotype,Yes,A,B,Museum accessioned,Unknown,Unknown,,https://museum.wales/database/geology/palaeontology/?specimen=113,Direct Museum Wales holotype record.
WPR-SP-0012,WPR-TAX-0012,WPR-REP-0001,NMW 77.11G.19,,WPR-LOC-0008,WPR-GEO-0001,,,,Holotype,Yes,A,B,Museum accessioned,Unknown,Unknown,,https://museum.wales/database/geology/palaeontology/?specimen=57,Direct Museum Wales holotype record.
WPR-SP-0013,WPR-TAX-0013,WPR-REP-0001,NMW 78.17G.1174,,WPR-LOC-0004,WPR-GEO-0009,,,,Holotype,Yes,A,B,Museum accessioned,Unknown,Unknown,,https://museum.wales/database/geology/palaeontology/?specimen=74,Direct Museum Wales holotype record.
WPR-SP-0014,WPR-TAX-0014,WPR-REP-0001,NMW 29.197.G3,,WPR-LOC-0004,,,,,Holotype,Unknown,A,B,Museum accessioned,Unknown,Unknown,,https://museum.wales/database/geology/palaeontology/?specimen=22,Roof of thin seam above Hwch Vein; create a dedicated geological-unit record if this seam-level information becomes a recurring unit.
WPR-SP-0015,WPR-TAX-0015,WPR-REP-0001,NMW 29.197.G2,,WPR-LOC-0004,WPR-GEO-0010,,,,Holotype,Yes,A,B,Museum accessioned,Unknown,Unknown,,https://museum.wales/database/geology/palaeontology/?specimen=21,Direct Museum Wales holotype record.
WPR-SP-0016,WPR-TAX-0016,WPR-REP-0001,NMW 78.8G.1,,WPR-LOC-0004,WPR-GEO-0009,,,,Holotype,Yes,A,B,Museum accessioned,Unknown,Unknown,,https://museum.wales/database/geology/palaeontology/?specimen=77,Direct Museum Wales holotype record.
WPR-SP-0017,WPR-TAX-0017,WPR-REP-0001,NMW 21.306.G4 a&b,,WPR-LOC-0004,WPR-GEO-0006,,,,Holotype,Yes,A,B,Museum accessioned,Unknown,Unknown,,https://museum.wales/database/geology/palaeontology/?specimen=7,Direct Museum Wales holotype record.
WPR-SP-0018,WPR-TAX-0018,WPR-REP-0001,NMW 2015.5G.1–2015.5G.11,associated partial skeleton: skull and postcranial elements,WPR-LOC-0012,WPR-GEO-0014,,Nick Hanigan; Rob Hanigan,2014-03-01,Holotype,Yes,A,A,Museum accessioned,Yes,Unknown,WPR-PUB-0001,https://journals.plos.org/plosone/article?id=10.1371/journal.pone.0145713,Recovered from fallen blocks; paper constrains source to bed 7 or 9 of Bull Cliff Member.
WPR-SP-0019,WPR-TAX-0019,WPR-REP-0002,PV R 37591,"articulated vertebral series, pelvic girdle and associated femur",WPR-LOC-0009,WPR-GEO-0011,,,,Holotype,Yes,A,A,Museum accessioned,Yes,Unknown,WPR-PUB-0002,https://pmc.ncbi.nlm.nih.gov/articles/PMC8493203/,Primary description gives field numbers P77/1 and P76/1.
WPR-SP-0020,WPR-TAX-0019,WPR-REP-0002,PV R 37596,complete middle-to-posterior dorsal vertebra,WPR-LOC-0009,WPR-GEO-0011,,,,Referred,Yes,A,A,Museum accessioned,Yes,Unknown,WPR-PUB-0002,https://pmc.ncbi.nlm.nih.gov/articles/PMC8493203/,"Referred specimen, field number P83/1."
WPR-SP-0021,WPR-TAX-0019,WPR-REP-0002,PV R 37597,proximal end of left ischium,WPR-LOC-0009,WPR-GEO-0011,,,,Referred,Yes,A,A,Museum accessioned,Yes,Unknown,WPR-PUB-0002,https://pmc.ncbi.nlm.nih.gov/articles/PMC8493203/,"Referred specimen, field number P65/66b. Counterpart P65/66a is reported as absent from NHMUK."
WPR-SP-0022,WPR-TAX-0020,WPR-REP-0002,PV R 37423,left humerus proximal end,WPR-LOC-0009,WPR-GEO-0011,,,,Paratype,Unknown,A,A,Museum accessioned,Unknown,Unknown,WPR-PUB-0003,https://data.nhm.ac.uk/dataset/collection-specimens/resource/05ff2255-c38a-40c9-b657-4ccb55ab2feb/record/9063995,Direct NHMUK record; Rhaetian fissure-fill specimen.
WPR-SP-0023,WPR-TAX-0021,WPR-REP-0002,PV R 7557 d,"right astragalus, calcaneum and distal tarsal 4",WPR-LOC-0009,WPR-GEO-0011,,Professor K. Kermack; Dr P. Robinson,1952-06-27,Holotype,Unknown,A,A,Museum accessioned,Unknown,Unknown,,https://portal.idigbio.org/portal/records/200a0899-fc69-4967-95e6-839825bdd295,Provider record is NHMUK; use NHMUK portal/current record as preferred source when located.
WPR-SP-0024,WPR-TAX-0022,WPR-REP-0002,PV RUT 871,premaxilla,WPR-LOC-0015,WPR-GEO-0012,,Professor Kenneth A. Kermack,1955-01-01,Non-type,Unknown,A,A,Museum accessioned,Unknown,Unknown,,https://data.nhm.ac.uk/dataset/collection-specimens/resource/05ff2255-c38a-40c9-b657-4ccb55ab2feb/record/2169657,"Direct NHMUK record: non-type Gephyrosaurus bridensis premaxilla; Pant Quarry, Hettangian–Sinemurian fissure fill."
WPR-SP-0025,WPR-TAX-0022,WPR-REP-0002,PV RUT 3164,quadrate,WPR-LOC-0015,WPR-GEO-0012,,,,Non-type,Unknown,A,A,Museum accessioned,Unknown,Unknown,,https://data.nhm.ac.uk/dataset/collection-specimens/resource/05ff2255-c38a-40c9-b657-4ccb55ab2feb/record/9631007/1787475689135,"Direct NHMUK record: non-type Gephyrosaurus bridensis quadrate; Pant Quarry, Hettangian–Sinemurian fissure fill."
WPR-SP-0026,WPR-TAX-0023,WPR-REP-0002,PV M 116443,dentulous maxilla fragment with two molars,WPR-LOC-0010,WPR-GEO-0012,,,,Non-type,Unknown,A,A,Museum accessioned,Unknown,Unknown,,https://data.nhm.ac.uk/dataset/collection-specimens/resource/05ff2255-c38a-40c9-b657-4ccb55ab2feb/record/10668072/1748251284062,NHMUK determination explicitly lists Morganucodon watsoni.
WPR-SP-0027,WPR-TAX-0027,WPR-REP-0002,PV M 94404,,WPR-LOC-0010,WPR-GEO-0012,,,,Non-type,Unknown,A,A,Museum accessioned,Unknown,Unknown,,https://data.nhm.ac.uk/dataset/collection-specimens/resource/05ff2255-c38a-40c9-b657-4ccb55ab2feb/record/2943623,Record identified to genus Morganucodon.
WPR-SP-0028,WPR-TAX-0027,WPR-REP-0002,PV M 94488,,WPR-LOC-0010,WPR-GEO-0012,,,,Non-type,Unknown,A,A,Museum accessioned,Unknown,Unknown,,https://data.nhm.ac.uk/dataset/collection-specimens/resource/05ff2255-c38a-40c9-b657-4ccb55ab2feb/record/2943707,Record identified to genus Morganucodon.
WPR-SP-0029,WPR-TAX-0027,WPR-REP-0002,PV M 23889,,WPR-LOC-0010,WPR-GEO-0012,,,,Non-type,Unknown,A,A,Museum accessioned,Unknown,Unknown,,https://data.nhm.ac.uk/dataset/collection-specimens/resource/05ff2255-c38a-40c9-b657-4ccb55ab2feb/record/569168/1787475689135,Record identified to genus Morganucodon.
WPR-SP-0030,WPR-TAX-0027,WPR-REP-0002,PV M 23695,,WPR-LOC-0010,WPR-GEO-0012,,,,Non-type,Unknown,A,A,Museum accessioned,Unknown,Unknown,,https://data.nhm.ac.uk/dataset/collection-specimens/resource/05ff2255-c38a-40c9-b657-4ccb55ab2feb/record/568974/1771927275455,Record identified to genus Morganucodon.
WPR-SP-0031,WPR-TAX-0027,WPR-REP-0002,PV M 24577,,WPR-LOC-0010,WPR-GEO-0012,,,,Non-type,Unknown,A,A,Museum accessioned,Unknown,Unknown,,https://data.nhm.ac.uk/dataset/collection-specimens/resource/05ff2255-c38a-40c9-b657-4ccb55ab2feb/record/570077/1787821283754,Record identified to genus Morganucodon.
WPR-SP-0032,WPR-TAX-0027,WPR-REP-0002,PV M 93173,,WPR-LOC-0010,WPR-GEO-0012,,,,Non-type,Unknown,A,A,Museum accessioned,Unknown,Unknown,,https://data.nhm.ac.uk/dataset/collection-specimens/resource/05ff2255-c38a-40c9-b657-4ccb55ab2feb/record/2933375,Record identified to genus Morganucodon.
WPR-SP-0033,WPR-TAX-0024,WPR-REP-0002,PB V 26517 b,axes,WPR-LOC-0011,WPR-GEO-0013,,W. N. Croft,,Syntype,Unknown,A,A,Museum accessioned,Unknown,Unknown,WPR-PUB-0004,https://data.nhm.ac.uk/dataset/collection-specimens/resource/05ff2255-c38a-40c9-b657-4ccb55ab2feb/record/2156242/1787130104391,Direct NHMUK syntype record.
WPR-SP-0034,WPR-TAX-0025,WPR-REP-0001,33.153/1307,tusk fragment,WPR-LOC-0013,,,,1933-01-01,Non-type,Unknown,B,A,Museum accessioned,Unknown,Unknown,,https://museum.wales/collections/online/object/901dd77f-3b5b-3551-bf55-15eacf5d3d6a/Pleistocene-mammoth-tusk/,"Museum Wales record; excavated 1933, reconstructed fragment."
WPR-SP-0035,WPR-TAX-0026,WPR-REP-0001,46.251/1,complete adult lower molar,WPR-LOC-0014,,,,,Possible syntype,Unknown,B,B,Museum accessioned,Unknown,Unknown,,https://museum.wales/collections/online/object/64356b6d-ccc4-3f5b-80ca-735b0c9ad104/Pleistocene-straight-tusked-elephant-tooth/,Museum note says probably one of original syntypes of P. antiquus; manuscript label lost; part of Col. E.R. Wood collection.
WPR-SP-0036,WPR-TAX-0025,WPR-REP-0001,57.524/20.14,bone,WPR-LOC-0016,,,,,Non-type,Unknown,B,A,Museum accessioned,Unknown,Unknown,,https://museum.wales/collections/online/object/6b48fc3f-0f31-3b2a-a989-07d33626c4d7/Pleistocene-mammoth-bone/,Museum Wales classification is mammoth bone; transferred in 1957.
WPR-SP-0037,WPR-TAX-0028,WPR-REP-0001,NMW 69.64.G32 a+b,,WPR-LOC-0004,WPR-GEO-0015,,,,Holotype,Yes,A,B,Museum accessioned,Yes,Unknown,,https://museum.wales/database/geology/palaeontology/?specimen=30,"Museum Wales holotype; Long Quarry Beds, Přídolí."
WPR-SP-0038,WPR-TAX-0029,WPR-REP-0001,NMW 96.8G.109,,WPR-LOC-0004,WPR-GEO-0004,,,,Holotype,Yes,A,B,Museum accessioned,Yes,Unknown,,https://museum.wales/database/geology/palaeontology/?specimen=141,Museum Wales holotype; Golden Grove Group.
WPR-SP-0039,WPR-TAX-0030,WPR-REP-0001,NMW 78.17G.161,,WPR-LOC-0004,WPR-GEO-0009,,,,Holotype,Yes,A,B,Museum accessioned,Yes,Unknown,,https://museum.wales/database/geology/palaeontology/?specimen=71,"Museum Wales holotype; Ogof Hên Formation, Bolahaul Member."
WPR-SP-0040,WPR-TAX-0031,WPR-REP-0001,NMW 82.7G.1,,WPR-LOC-0001,WPR-GEO-0016,,,,Holotype,Yes,A,B,Museum accessioned,Yes,Unknown,,https://museum.wales/database/geology/palaeontology/?specimen=80,Museum Wales holotype; Rhaetian Penarth Group.
WPR-SP-0041,WPR-TAX-0032,WPR-REP-0001,NMW 84.16G.17,,WPR-LOC-0042,WPR-GEO-0017,,,,Holotype,Yes,A,B,Museum accessioned,Yes,Unknown,,https://museum.wales/database/geology/palaeontology/?specimen=10238,Museum Wales holotype; Radnorshire.
WPR-SP-0042,WPR-TAX-0033,WPR-REP-0001,NMW 79.35G.1,,WPR-LOC-0042,,,,,Holotype,Yes,A,B,Museum accessioned,Yes,Unknown,,https://museum.wales/database/geology/palaeontology/?specimen=79,"Museum Wales holotype; Llandeilo Series, Teretiusculus biozone."
WPR-SP-0043,WPR-TAX-0034,WPR-REP-0001,NMW 88.9G.1.1 a,,WPR-LOC-0004,WPR-GEO-0018,,,,Holotype,Yes,A,B,Museum accessioned,Yes,Unknown,,https://museum.wales/database/geology/palaeontology/?specimen=118,Museum Wales holotype; Lower Devonian Senni Beds Formation.
WPR-SP-0044,WPR-TAX-0035,WPR-REP-0001,NMW 77.6G.2,,WPR-LOC-0005,WPR-GEO-0019,,,,Holotype,Yes,A,B,Museum accessioned,Yes,Unknown,,https://museum.wales/database/geology/palaeontology/?specimen=68,Museum Wales holotype; Milford Haven Group.
WPR-SP-0045,WPR-TAX-0036,WPR-REP-0001,NMW 77.6G.34,,WPR-LOC-0005,WPR-GEO-0019,,,,Holotype,Yes,A,B,Museum accessioned,Yes,Unknown,,https://museum.wales/database/geology/palaeontology/?count=2&position=0&specimen=69&value=Cooksonia+cambrensis,Museum Wales holotype. Published registration was misquoted as 77.6G.33 in Edwards (1979).
WPR-SP-0046,WPR-TAX-0037,WPR-REP-0001,NMW 00.17G.2,,WPR-LOC-0043,WPR-GEO-0021,,C. Conolly,,Paratype,Yes,A,A,Museum accessioned,Yes,Unknown,,https://www.3d-fossils.ac.uk/fossilType.cfm?typSampleId=10000146,GB3D paratype; Mydrim Shale Formation.
WPR-SP-0047,WPR-TAX-0038,WPR-REP-0001,NMW 90.44G.4,,WPR-LOC-0018,WPR-GEO-0020,,T.P. Crimes,,Paratype,Yes,A,A,Museum accessioned,Yes,Unknown,,https://www.3d-fossils.ac.uk/fossilType.cfm?typSampleId=10000225,GB3D paratype; Aberystwyth Grits Formation.
WPR-SP-0048,WPR-TAX-0039,WPR-REP-0001,NMW 76.3G.9,,WPR-LOC-0019,WPR-GEO-0009,,,,Paratype,Yes,A,A,Museum accessioned,Yes,Unknown,,https://www.3d-fossils.ac.uk/fossilType.cfm?typSampleId=10000178,"GB3D paratype; Bolahaul Member, Ogof Hên Formation."
WPR-SP-0049,WPR-TAX-0040,WPR-REP-0001,NMW 33.189.G102,,WPR-LOC-0020,WPR-GEO-0006,,D.C. Evans,,Paratype,Yes,A,A,Museum accessioned,Yes,Unknown,,https://www.3d-fossils.ac.uk/fossilType.cfm?typSampleId=10001050,GB3D paratype; Pontyfenni Formation.
WPR-SP-0050,WPR-TAX-0041,WPR-REP-0001,NMW 96.8G.953,,WPR-LOC-0021,WPR-GEO-0023,,M.D. Sutton,,Paratype,Yes,A,A,Museum accessioned,Yes,Unknown,,https://www.3d-fossils.ac.uk/fossilType.cfm?typSampleId=10001233,GB3D paratype; Llanfawr Mudstone Formation.
WPR-SP-0051,WPR-TAX-0042,WPR-REP-0001,NMW 72.6G.4,,WPR-LOC-0022,WPR-GEO-0024,,,,Paratype,Yes,A,A,Museum accessioned,Yes,Unknown,,https://www.3d-fossils.ac.uk/fossilType.cfm?typSampleId=10001122,"GB3D paratype; Glyn Member, Trewern Brook Mudstone Formation."
WPR-SP-0052,WPR-TAX-0043,WPR-REP-0001,NMW 84.17G.22,,WPR-LOC-0023,WPR-GEO-0025,,R.A. Fortey,,Paratype,Yes,A,A,Museum accessioned,Yes,Unknown,,https://www.3d-fossils.ac.uk/fossilType.cfm?typSampleId=10000514,GB3D paratype; Llanfallteg Formation.
WPR-SP-0053,WPR-TAX-0044,WPR-REP-0001,NMW 84.11G.14,,WPR-LOC-0020,WPR-GEO-0006,,J.C.W. Cope,,Paratype,Yes,A,A,Museum accessioned,Yes,Unknown,,https://www.3d-fossils.ac.uk/fossilType.cfm?typSampleId=10000457,GB3D paratype; Pontyfenni Formation.
WPR-SP-0054,WPR-TAX-0016,WPR-REP-0001,NMW 78.8G.30,,WPR-LOC-0044,WPR-GEO-0009,,,,Paratype,Yes,A,A,Museum accessioned,Yes,Unknown,,https://www.3d-fossils.ac.uk/fossilType.cfm?typSampleId=10001116,GB3D paratype of Blastoidocrinus antecedens.
WPR-SP-0055,WPR-TAX-0036,WPR-REP-0001,NMW 77.6G.10,,WPR-LOC-0017,WPR-GEO-0019,,,,Paratype,Yes,A,A,Museum accessioned,Yes,Unknown,,https://www.3d-fossils.ac.uk/fossilType.cfm?typSampleId=10001094,GB3D paratype of Cooksonia cambrensis.
WPR-SP-0056,WPR-TAX-0036,WPR-REP-0001,NMW 77.6G.13,,WPR-LOC-0017,WPR-GEO-0019,,,,Paratype,Yes,A,A,Museum accessioned,Yes,Unknown,,https://www.3d-fossils.ac.uk/fossilType.cfm?typSampleId=10000618,GB3D currently files the specimen as Cooksonia cambrensis; name history also references Tortilicaulis transwalliensis.
WPR-SP-0057,WPR-TAX-0035,WPR-REP-0001,NMW 77.6G.1,,WPR-LOC-0017,WPR-GEO-0019,,,,Paratype,Yes,A,A,Museum accessioned,Yes,Unknown,,https://www.3d-fossils.ac.uk/fossilType.cfm?typSampleId=10000615,GB3D paratype of Tortilicaulis transwalliensis.
WPR-SP-0058,WPR-TAX-0045,WPR-REP-0005,SM A 44425,,WPR-LOC-0024,WPR-GEO-0028,,A. Sedgwick; J.W. Salter,1843,Holotype,Yes,A,A,Museum accessioned,Yes,Unknown,,https://www.3d-fossils.ac.uk/fossilType.cfm?typSampleId=20001999,GB3D Sedgwick Museum holotype.
WPR-SP-0059,WPR-TAX-0046,WPR-REP-0005,SM A 4695,part and counterpart,WPR-LOC-0025,WPR-GEO-0026,,J. Hopkinson,,Holotype,Yes,A,A,Museum accessioned,Yes,Unknown,,https://www.3d-fossils.ac.uk/fossilType.cfm?typSampleId=20000359,GB3D Sedgwick Museum holotype.
WPR-SP-0060,WPR-TAX-0047,WPR-REP-0005,SM A 40229,,WPR-LOC-0026,WPR-GEO-0027,,,,Holotype,Yes,A,A,Museum accessioned,Yes,Unknown,,https://www.3d-fossils.ac.uk/fossilType.cfm?typSampleId=20001829,GB3D Sedgwick Museum holotype.
WPR-SP-0061,WPR-TAX-0048,WPR-REP-0005,SM A 46897,,WPR-LOC-0027,WPR-GEO-0029,,,,Holotype,Yes,A,A,Museum accessioned,Yes,Unknown,,https://www.3d-fossils.ac.uk/fossilType.cfm?typSampleId=20002314,GB3D Sedgwick Museum holotype.
WPR-SP-0062,WPR-TAX-0049,WPR-REP-0005,SM A 1051,,WPR-LOC-0028,WPR-GEO-0030,,,,Holotype,Yes,A,A,Museum accessioned,Yes,Unknown,,https://www.3d-fossils.ac.uk/fossilType.cfm?typSampleId=20000154,GB3D Sedgwick Museum holotype.
WPR-SP-0063,WPR-TAX-0050,WPR-REP-0005,SM A 25011,,WPR-LOC-0029,WPR-GEO-0028,,W.G. Fearnsides; T.O. Morris,,Holotype,Yes,A,A,Museum accessioned,Yes,Unknown,,https://www.3d-fossils.ac.uk/fossilType.cfm?typSampleId=20001254,GB3D Sedgwick Museum holotype.
WPR-SP-0064,WPR-TAX-0051,WPR-REP-0005,SM A 37755,,WPR-LOC-0030,WPR-GEO-0031,,,,Holotype,Yes,A,A,Museum accessioned,Yes,Unknown,,https://www.3d-fossils.ac.uk/fossilType.cfm?typSampleId=20001882,GB3D Sedgwick Museum holotype.
WPR-SP-0065,WPR-TAX-0052,WPR-REP-0005,SM A 15035 a-e,,WPR-LOC-0031,WPR-GEO-0032,,,,Holotype,Yes,B,A,Museum accessioned,Yes,Unknown,,https://www.3d-fossils.ac.uk/fossilType.cfm?typSampleId=20001019,GB3D Sedgwick Museum holotype; nomenclatural status should be checked.
WPR-SP-0066,WPR-TAX-0053,WPR-REP-0005,SM A 51439,,WPR-LOC-0032,WPR-GEO-0033,,,,Holotype,Yes,B,A,Museum accessioned,Yes,Unknown,,https://www.3d-fossils.ac.uk/fossilType.cfm?typSampleId=20002150,GB3D Sedgwick Museum holotype; current taxonomic rank should be checked.
WPR-SP-0067,WPR-TAX-0054,WPR-REP-0006,BGS GSM48528Cprt,,WPR-LOC-0033,WPR-GEO-0034,,British Geological Survey,1902,Holotype,Yes,A,A,Museum accessioned,Yes,Unknown,,https://www.3d-fossils.ac.uk/fossilType.cfm?typSampleId=117893,"GB3D BGS holotype; roof of Mynyddislwyn Seam, Tenuis Zone."
WPR-SP-0068,WPR-TAX-0055,WPR-REP-0006,BGS GSM48523Cprt,,WPR-LOC-0034,WPR-GEO-0034,,British Geological Survey,1902,Holotype,Yes,A,A,Museum accessioned,Yes,Unknown,,https://www.3d-fossils.ac.uk/fossilType.cfm?typSampleId=117889,GB3D lists this as holotype of Euproops gwenti.
WPR-SP-0069,WPR-TAX-0055,WPR-REP-0006,BGS GSM48524Cprt,,WPR-LOC-0034,WPR-GEO-0034,,British Geological Survey,1902,Holotype,Yes,A,A,Museum accessioned,Yes,Unknown,,https://www.3d-fossils.ac.uk/fossilType.cfm?typSampleId=117890,GB3D also lists this as holotype of Euproops gwenti; verify type-series relationship.
WPR-SP-0070,WPR-TAX-0056,WPR-REP-0006,BGS GSM49398,,WPR-LOC-0035,WPR-GEO-0035,,survey,1909,Holotype,Yes,A,A,Museum accessioned,Yes,Unknown,,https://www.3d-fossils.ac.uk/fossilType.cfm?typSampleId=60252,GB3D BGS holotype; Carboniferous Limestone Supergroup.
WPR-SP-0071,WPR-TAX-0057,WPR-REP-0007,CHEGM 1977.22AH (A),,WPR-LOC-0036,WPR-GEO-0036,,J.B. Shone,,Holotype,Yes,B,A,Museum accessioned,Yes,Unknown,,https://www.3d-fossils.ac.uk/fossilType.cfm?typSampleId=25000109,GB3D Grosvenor Museum holotype; accepted taxonomy/authorship needs checking.
WPR-SP-0072,WPR-TAX-0058,WPR-REP-0002,PI BC 61751,hand specimen,WPR-LOC-0017,WPR-GEO-0022,,,,Non-type,Unknown,A,A,Museum accessioned,Unknown,Unknown,,https://data.nhm.ac.uk/dataset/collection-specimens/resource/05ff2255-c38a-40c9-b657-4ccb55ab2feb/record/3098401,NHMUK Stegerhynchus record; Silurian Sandstone Series.
WPR-SP-0073,WPR-TAX-0059,WPR-REP-0002,PI It 26527 a,,WPR-LOC-0037,WPR-GEO-0037,,R. Bettley,,Non-type,Unknown,A,A,Museum accessioned,Unknown,Unknown,,https://data.nhm.ac.uk/dataset/collection-specimens/resource/05ff2255-c38a-40c9-b657-4ccb55ab2feb/record/2046432,NHMUK Marrolithus inflatus; Middle Ordovician Flags.
WPR-SP-0074,WPR-TAX-0027,WPR-REP-0002,PV M 95050,,WPR-LOC-0038,WPR-GEO-0038,,,,Non-type,Unknown,A,A,Museum accessioned,Unknown,Unknown,,https://data.nhm.ac.uk/dataset/collection-specimens/resource/05ff2255-c38a-40c9-b657-4ccb55ab2feb/record/2944269,NHMUK Morganucodon from Pontalun 2 fissure.
WPR-SP-0075,WPR-TAX-0027,WPR-REP-0002,PV M 27234,,WPR-LOC-0038,WPR-GEO-0038,,Kenneth A. Kermack,1957-01-01,Non-type,Unknown,A,A,Museum accessioned,Unknown,Unknown,,https://data.nhm.ac.uk/dataset/collection-specimens/resource/05ff2255-c38a-40c9-b657-4ccb55ab2feb/record/2813733,NHMUK Morganucodon from Pontalun 2 fissure.
WPR-SP-0076,WPR-TAX-0027,WPR-REP-0002,PV M 95815,,WPR-LOC-0039,WPR-GEO-0038,,,,Non-type,Unknown,A,A,Museum accessioned,Unknown,Unknown,,https://data.nhm.ac.uk/dataset/collection-specimens/resource/05ff2255-c38a-40c9-b657-4ccb55ab2feb/record/2945034,NHMUK Morganucodon from Pontalun 3 fissure.
WPR-SP-0077,WPR-TAX-0027,WPR-REP-0002,PV M 100043,,WPR-LOC-0039,WPR-GEO-0038,,,,Non-type,Unknown,A,A,Museum accessioned,Unknown,Unknown,,https://data.nhm.ac.uk/dataset/collection-specimens/resource/05ff2255-c38a-40c9-b657-4ccb55ab2feb/record/6722762,NHMUK Morganucodon from Pontalun 3 fissure.
WPR-SP-0078,WPR-TAX-0023,WPR-REP-0002,PV M 96265,,WPR-LOC-0039,WPR-GEO-0038,,,,Non-type,Unknown,A,A,Museum accessioned,Unknown,Unknown,,https://data.nhm.ac.uk/dataset/collection-specimens/resource/05ff2255-c38a-40c9-b657-4ccb55ab2feb/record/3071376/1787821283754,NHMUK record explicitly determined as Morganucodon watsoni.
WPR-SP-0079,WPR-TAX-0023,WPR-REP-0002,PV M 24590,dentary,WPR-LOC-0038,WPR-GEO-0038,,Kenneth A. Kermack,1957-12-01,Non-type,Unknown,A,A,Museum accessioned,Yes,Unknown,,https://data.nhm.ac.uk/object/07d0d854-9e15-44d6-bb76-77ebb33b8180,NHMUK Morganucodon watsoni; Hettangian–Sinemurian fissure-fill record with IIIF images.
WPR-SP-0080,WPR-TAX-0072,WPR-REP-0001,81.84H/2.768,ascending ramus from mandible,WPR-LOC-0013,,,,1963-01-01,Non-type,Unknown,B,A,Museum accessioned,Unknown,Unknown,,https://museum.wales/collections/online/object/8f4120f0-158e-3b11-805c-30ca85fe8dae/Pleistocene-bovid-or-cervid-bone/,Coygan Cave; identified by Roger Jacobi as bovid/cervid.
WPR-SP-0081,WPR-TAX-0070,WPR-REP-0001,81.84H/2.740,right mandible with p3–m3,WPR-LOC-0013,,,,1963-01-01,Non-type,Unknown,A,A,Museum accessioned,Unknown,Unknown,,https://museum.wales/collections/online/object/0da57b5c-7aee-3865-9084-a0dd5a6a3a8c/Pleistocene-giant-deer-bone/,Coygan Cave giant deer mandible; reconstructed from several pieces.
WPR-SP-0082,WPR-TAX-0066,WPR-REP-0001,81.84H/2.362,tooth fragment,WPR-LOC-0013,,,,1963-01-01,Non-type,Unknown,A,A,Museum accessioned,Unknown,Unknown,,https://museum.wales/collections/online/object/1b9a781b-51b8-3b2c-89f4-6e2cad8d10f7/Pleistocene-horse-tooth/content/,Coygan Cave; Museum Wales identifies Equus ferus.
WPR-SP-0083,WPR-TAX-0068,WPR-REP-0001,81.84H/2.839,lower right m3,WPR-LOC-0013,,,,1964-01-01,Non-type,Unknown,A,A,Museum accessioned,Unknown,Unknown,,https://museum.wales/collections/online/object/caeb2bfc-8c36-32e8-8399-6202be2574ae/Pleistocene-woolly-rhinoceros-tooth/,Coygan Cave woolly-rhinoceros tooth.
WPR-SP-0084,WPR-TAX-0068,WPR-REP-0001,81.84H/2.687,bone,WPR-LOC-0013,,,,1964-01-01,Non-type,Unknown,A,A,Museum accessioned,Unknown,Unknown,,https://museum.wales/collections/online/object/77299a3c-f90c-35a1-99fb-df3c1e1c761d/Pleistocene-woolly-rhinoceros-bone/,Coygan Cave; Trench 7c Spit 2.
WPR-SP-0085,WPR-TAX-0071,WPR-REP-0001,81.84H/2.231,frontal bone,WPR-LOC-0013,,,,1963-01-01,Non-type,Unknown,B,A,Museum accessioned,Unknown,Unknown,,https://museum.wales/collections/online/object/9f9a4538-5bf7-3a36-9628-b59ab5499616/Pleistocene-seal-bone/,Coygan Cave seal frontal.
WPR-SP-0086,WPR-TAX-0076,WPR-REP-0001,81.84H/2.673.85.3,coprolite,WPR-LOC-0013,,,,1963-01-01,Non-type,Unknown,C,A,Museum accessioned,Unknown,Unknown,,https://museum.wales/collections/online/object/c36a17fb-cf5d-38e2-8506-d2bb3ac27174/Pleistocene-hyaena-coprolite/,"Coygan Cave; hyaena attribution follows catalogue title, producer not identified to species."
WPR-SP-0087,WPR-TAX-0073,WPR-REP-0001,81.84H/2.1118.24,bone,WPR-LOC-0013,,,,1963-01-01,Non-type,Unknown,C,A,Museum accessioned,Unknown,Unknown,,https://museum.wales/collections/online/object/6884862e-135c-3407-98a4-484d7d7afb82/Pleistocene--Holocene-hare-or-rabbit-bone/,Coygan Cave; age and taxon both broad.
WPR-SP-0088,WPR-TAX-0074,WPR-REP-0001,81.84H/2.1029,microfaunal remains,WPR-LOC-0013,,,,1963-01-01,Non-type,Unknown,C,A,Museum accessioned,Unknown,Unknown,,https://museum.wales/collections/online/object/4d0017a8-379f-3ab9-94c8-1a1ff68e8ecf/,"Coygan Cave; Museum Wales classification: undetermined animal remains, rodent."
WPR-SP-0089,WPR-TAX-0075,WPR-REP-0001,81.84H/2.761.5,antler tine,WPR-LOC-0013,,,,1964-01-01,Non-type,Unknown,B,A,Museum accessioned,Unknown,Unknown,,https://museum.wales/collections/online/object/f8f2e2e3-787f-3e79-bf0e-adf12ba707ce/Pleistocene-deer-antler/,Coygan Cave deer antler tine.
WPR-SP-0090,WPR-TAX-0062,WPR-REP-0001,86.31H/3.D3960,vertebral centrum with cut marks,WPR-LOC-0045,,,,1985-01-01,Non-type,Unknown,B,A,Museum accessioned,Unknown,Unknown,,https://museum.wales/collections/online/object/8d0801ba-d8c1-3fb5-b2b0-c2c4751a1d91/Pleistocene-bear-bone/,Pontnewydd Cave bear vertebra; catalogue notes cut marks interpreted as skinning.
WPR-SP-0091,WPR-TAX-0061,WPR-REP-0001,86.31H/3.F1010,cranium / right maxilla with teeth,WPR-LOC-0045,,,,1985-01-01,Non-type,Unknown,A,A,Museum accessioned,Unknown,Unknown,,https://museum.wales/collections/online/object/84223b0f-ee6e-37f7-b39c-bdbdec709632/Pleistocene-brown-bear-bone/,"Pontnewydd Cave brown-bear cranium; reference specimen, DNA/stable-isotope work noted."
WPR-SP-0092,WPR-TAX-0068,WPR-REP-0001,94.38H/3.F4515,bone,WPR-LOC-0045,,,,1994-01-01,Non-type,Unknown,A,A,Museum accessioned,Unknown,Unknown,,https://museum.wales/collections/online/object/87b585d7-9d11-3228-994c-a0a4376cc0b8/Pleistocene-woolly-rhinoceros-bone/,Pontnewydd Cave; Upper Breccia.
WPR-SP-0093,WPR-TAX-0063,WPR-REP-0001,83.107H/8.D2651,left ulna,WPR-LOC-0045,,,,1983-01-01,Non-type,Unknown,A,A,Museum accessioned,Unknown,Unknown,,https://museum.wales/collections/online/object/5934a8d6-8370-3ad3-bd83-0c67577c4ae7/Pleistocene-wolf-bone/,Pontnewydd Cave wolf ulna; Lower Breccia.
WPR-SP-0094,WPR-TAX-0064,WPR-REP-0001,88.166H/3.D5035,astragalus,WPR-LOC-0045,,,,1988-01-01,Non-type,Unknown,B,A,Museum accessioned,Unknown,Unknown,,https://museum.wales/collections/online/object/f9b8108f-e811-3d2f-b6ba-dd758d0d7fe7/Pleistocene-lion-bone/,Pontnewydd Cave lion astragalus; species not asserted.
WPR-SP-0095,WPR-TAX-0062,WPR-REP-0001,94.38H/3.H2332,bone in concretion,WPR-LOC-0045,,,,1994-01-01,Non-type,Unknown,B,A,Museum accessioned,Unknown,Unknown,,https://museum.wales/collections/online/object/fd68bcdf-334a-3917-ac57-401604610b44,Pontnewydd Cave bear bone.
WPR-SP-0096,WPR-TAX-0065,WPR-REP-0001,94.38H/3.F4758,bone,WPR-LOC-0045,,,,1994-01-01,Non-type,Unknown,A,A,Museum accessioned,Unknown,Unknown,,https://museum.wales/collections/online/object/0525ae01-bced-3875-9517-0f362505e437/Pleistocene-red-fox-bone/,Pontnewydd Cave red-fox bone; Upper Breccia-Silt Bed Matrix.
WPR-SP-0097,WPR-TAX-0066,WPR-REP-0001,81.5H/7.B314,tooth in concretion,WPR-LOC-0045,,,,1980-01-01,Non-type,Unknown,B,A,Museum accessioned,Unknown,Unknown,,https://museum.wales/collections/online/object/6fbdca21-952b-38a4-b9c0-09cbfb676c58/,Pontnewydd Cave horse tooth; Upper Breccia.
WPR-SP-0098,WPR-TAX-0067,WPR-REP-0001,87.93H/2.D4624,tooth,WPR-LOC-0045,,,,1987-01-01,Non-type,Unknown,B,A,Museum accessioned,Unknown,Unknown,,https://museum.wales/collections/online/object/7a888179-2143-3302-9b8e-8165986709ab/,Pontnewydd Cave bison tooth; reference specimen.
WPR-SP-0099,WPR-TAX-0069,WPR-REP-0001,87.93H/2.D4550,tooth fragment,WPR-LOC-0045,,,,1987-01-01,Non-type,Unknown,B,A,Museum accessioned,Unknown,Unknown,,https://museum.wales/collections/online/object/308bb9ff-68ad-3fcb-a2ac-f3b8946c3bfa/Pleistocene-rhinoceros-tooth/,Pontnewydd Cave; Museum Wales classification 'Merck's rhinoceros' retained without modern species assignment.
WPR-SP-0100,WPR-TAX-0063,WPR-REP-0001,24.94/2.46,right mandible with premolars and m1,WPR-LOC-0046,,,,1912-01-01,Non-type,Unknown,A,A,Museum accessioned,Unknown,Unknown,,https://museum.wales/collections/online/object/71321711-911d-3bd2-976d-aa9e02d0d71e/,Paviland Cave wolf mandible; DNA analysis noted.
WPR-SP-0101,WPR-TAX-0063,WPR-REP-0001,24.94/2.54,upper left canine,WPR-LOC-0046,,,,1912-01-01,Non-type,Unknown,A,A,Museum accessioned,Unknown,Unknown,,https://museum.wales/collections/online/object/7f675104-e7f6-3c02-9434-df665f887a35/Pleistocene-wolf-tooth/,Paviland Cave wolf canine.
WPR-SP-0102,WPR-TAX-0060,WPR-REP-0001,83.107H/5.D1740&D1741,right maxilla fragment with molars,WPR-LOC-0045,,,,1982-01-01,Non-type,Yes,A,A,Museum accessioned,Yes,Unknown,,https://museum.wales/collections/online/object/627c8e9b-40ee-3a8d-bac8-0c063363c480/Lower-Palaeolithic-Neanderthal-maxilla/,Pontnewydd Cave juvenile Neanderthal maxilla; Museum Wales states c.230 ka.
WPR-SP-0103,WPR-TAX-0060,WPR-REP-0001,86.31H/1.D3970,premolar,WPR-LOC-0045,,,,1985-01-01,Non-type,Yes,A,A,Museum accessioned,Yes,Unknown,,https://museum.wales/collections/online/object/4c6e942d-262b-3daa-9410-5c92638519a7/Lower-Palaeolithic-Neanderthal-premolar/,Pontnewydd Cave Neanderthal premolar.
WPR-SP-0104,WPR-TAX-0060,WPR-REP-0001,86.31H/1.D4029,molar,WPR-LOC-0045,,,,1985-01-01,Non-type,Yes,A,A,Museum accessioned,Unknown,Unknown,,https://museum.wales/collections/online/object/2933755f-735c-3e26-b74d-ad72dc1ead21/Lower-Palaeolithic-Neanderthal-molar/,Pontnewydd Cave Neanderthal molar.
WPR-SP-0105,WPR-TAX-0060,WPR-REP-0001,88.166H/1.D4843,molar,WPR-LOC-0045,,,,1988-01-01,Non-type,Yes,A,A,Museum accessioned,Yes,Unknown,,https://museum.wales/collections/online/object/d437e247-a887-334b-898d-5669be4f9af3/Lower-Palaeolithic-Neanderthal-molar/,Pontnewydd Cave Neanderthal molar.
WPR-SP-0106,WPR-TAX-0060,WPR-REP-0001,83.107H/7.D2261,premolar,WPR-LOC-0045,,,,1983-01-01,Non-type,Yes,A,A,Museum accessioned,Yes,Unknown,,https://museum.wales/collections/online/object/447f5b7d-48d0-34a1-bbe0-c09d1be5e513/Lower-Palaeolithic-Neanderthal-tooth/,Pontnewydd Cave Neanderthal premolar.
WPR-SP-0107,WPR-TAX-0060,WPR-REP-0001,95.35H/1.F5523,tooth crown,WPR-LOC-0045,,,,1995-01-01,Non-type,Yes,A,A,Museum accessioned,Unknown,Unknown,,https://museum.wales/collections/online/object/6b0269db-f561-3db5-a5af-c65835fd0483/Lower-Palaeolithic-Neanderthal-tooth/,Pontnewydd Cave Neanderthal tooth.
WPR-SP-0108,WPR-TAX-0060,WPR-REP-0001,95.35H/1.H2942,tooth crown,WPR-LOC-0045,,,,1995-01-01,Non-type,Yes,A,A,Museum accessioned,Unknown,Unknown,,https://museum.wales/collections/online/object/85f51620-31fe-3701-b473-7fb221ff77c8/Lower-Palaeolithic-Neanderthal-tooth/,Pontnewydd Cave Neanderthal tooth.
WPR-SP-0109,WPR-TAX-0060,WPR-REP-0001,95.35H/1.F6095,tooth crown,WPR-LOC-0045,,,,1995-01-01,Non-type,Yes,A,A,Museum accessioned,Unknown,Unknown,,https://museum.wales/collections/online/object/957ed365-28ba-3a23-82d5-c309c18b76f0/Lower-Palaeolithic-Neanderthal-tooth/,Pontnewydd Cave Neanderthal tooth.
WPR-SP-0110,WPR-TAX-0060,WPR-REP-0001,83.107H/9.D2069,molar fragment,WPR-LOC-0045,,,,1982-01-01,Non-type,Yes,A,A,Museum accessioned,Unknown,Unknown,,https://museum.wales/collections/online/object/c736bbef-d27d-3473-be73-99c509605e85/Lower-Palaeolithic-Neanderthal-molar/,Pontnewydd Cave heavily worn Neanderthal molar fragment.
WPR-SP-0111,WPR-TAX-0060,WPR-REP-0001,93.40H/1.F3577,molar,WPR-LOC-0045,,,,1993-01-01,Non-type,Yes,A,A,Museum accessioned,Yes,Unknown,,https://museum.wales/collections/online/object/fe045ee8-6a2f-3926-b4b2-5f456e53d491/Lower-Palaeolithic-Neanderthal-molar/,Pontnewydd Cave Neanderthal molar.
WPR-SP-0112,WPR-TAX-0060,WPR-REP-0001,93.40H/1.F3346&F3597,two joining molar fragments,WPR-LOC-0045,,,,1993-01-01,Non-type,Yes,A,A,Museum accessioned,Unknown,Unknown,,https://museum.wales/collections/online/object/235ef1bf-b619-34fe-89b6-285b716c8674/Lower-Palaeolithic-Neanderthal-molar/,Pontnewydd Cave Neanderthal molar.
WPR-SP-0113,WPR-TAX-0027,WPR-REP-0002,PV M 23447,canine,WPR-LOC-0010,WPR-GEO-0012,,Professor Kenneth A. Kermack,1955-01-01,Non-type,Unknown,A,A,Museum accessioned,Unknown,Unknown,,https://data.nhm.ac.uk/dataset/collection-specimens/resource/05ff2255-c38a-40c9-b657-4ccb55ab2feb/record/568726,NHMUK Morganucodon from Pant Quarry 2; catalogue description: canine.
WPR-SP-0114,WPR-TAX-0077,WPR-REP-0002,PV M 26368,postcranial bone,WPR-LOC-0039,WPR-GEO-0038,,,,Non-type,Unknown,A,A,Museum accessioned,Yes,Unknown,,https://data.nhm.ac.uk/dataset/collection-specimens/resource/05ff2255-c38a-40c9-b657-4ccb55ab2feb/record/4376762,NHMUK currently determines this Pontalun 3 specimen as Eozostrodon parvus; earlier determination history includes Morganucodon.
WPR-SP-0115,WPR-TAX-0078,WPR-REP-0002,PV RUP24,"associated partial juvenile skeleton including skull, cervical series and pectoral elements",WPR-LOC-0009,WPR-GEO-0011,,,,Holotype,Yes,A,A,Museum accessioned,Unknown,Yes,,https://pmc.ncbi.nlm.nih.gov/articles/PMC12881877/,Pantydraco caducus holotype from Pant-y-ffynnon; current literature uses NHMUK PV RUP24.
WPR-SP-0116,WPR-TAX-0079,WPR-REP-0002,PV R37014,partial skull / maxillary material,WPR-LOC-0009,WPR-GEO-0011,,,,Holotype,Yes,A,A,Museum accessioned,Unknown,Yes,,https://onlinelibrary.wiley.com/doi/10.1111/pala.12493,Clevosaurus cambrica from Pant-y-ffynnon; specimen used in digital 3D segmentation studies.
WPR-SP-0117,WPR-TAX-0080,WPR-REP-0005,SM A 1050,,WPR-LOC-0028,WPR-GEO-0030,,,,Lectotype,Yes,A,A,Museum accessioned,Yes,Unknown,,https://www.3d-fossils.ac.uk/fossilType.cfm?typSampleId=20000153,"GB3D Sedgwick lectotype from Porthyrhaw, St Davids."
WPR-SP-0118,WPR-TAX-0081,WPR-REP-0005,SM A 40563,,WPR-LOC-0047,WPR-GEO-0039,,,,Syntype,Yes,A,A,Museum accessioned,Yes,Unknown,,https://www.3d-fossils.ac.uk/fossilType.cfm?typSampleId=20001929,GB3D Sedgwick syntype from Bala.
WPR-SP-0119,WPR-TAX-0082,WPR-REP-0005,SM A 20938,,WPR-LOC-0048,WPR-GEO-0040,,W.G. Fearnsides,,Paratype,Yes,B,A,Museum accessioned,Yes,Unknown,,https://www.3d-fossils.ac.uk/fossilType.cfm?typSampleId=20001344,GB3D Sedgwick paratype; historical varietal name retained.
WPR-SP-0120,WPR-TAX-0083,WPR-REP-0005,SM A 14980,part and counterpart,WPR-LOC-0049,,,,,Syntype,Yes,A,A,Museum accessioned,Yes,Unknown,,https://www.3d-fossils.ac.uk/fossilType.cfm?typSampleId=20001006,GB3D Sedgwick syntype from Upper Slade.
WPR-SP-0121,WPR-TAX-0084,WPR-REP-0005,SM A 21887,,WPR-LOC-0050,WPR-GEO-0041,,,,Syntype,Yes,B,A,Museum accessioned,Yes,Unknown,,https://www.3d-fossils.ac.uk/fossilType.cfm?typSampleId=20001415,GB3D Sedgwick syntype; historical varietal name retained.
WPR-SP-0122,WPR-TAX-0085,WPR-REP-0005,SM A 42696,,WPR-LOC-0051,WPR-GEO-0039,,,,Lectotype,Yes,A,A,Museum accessioned,Yes,Unknown,,https://www.3d-fossils.ac.uk/fossilType.cfm?typSampleId=20002023,GB3D Sedgwick lectotype from Pont y Glyn.
WPR-SP-0123,WPR-TAX-0086,WPR-REP-0005,SM A 19207,part and counterpart,WPR-LOC-0052,WPR-GEO-0042,,Henry Hicks,,Holotype,Yes,A,A,Museum accessioned,Yes,Unknown,,https://www.3d-fossils.ac.uk/fossilType.cfm?typSampleId=20001284,GB3D Sedgwick holotype from Abereiddy Bay.
WPR-SP-0124,WPR-TAX-0087,WPR-REP-0005,SM A 50668,part and counterpart,WPR-LOC-0053,WPR-GEO-0043,,,,Holotype,Yes,A,A,Museum accessioned,Yes,Unknown,,https://www.3d-fossils.ac.uk/fossilType.cfm?typSampleId=20002136,GB3D Sedgwick holotype from basal Sholeshook Limestone.
WPR-SP-0125,WPR-TAX-0088,WPR-REP-0005,SM A 44493,part and counterpart,WPR-LOC-0054,WPR-GEO-0044,,,,Holotype,Yes,A,A,Museum accessioned,Yes,Unknown,,https://www.3d-fossils.ac.uk/fossilType.cfm?typSampleId=20002005,"GB3D Sedgwick holotype from Long Plantation Railway Cutting, Scolton."